,year,counry,metabolite,daily mean,weekday mean,weekend mean
0,2011,AT,amphetamine,,,
1,2011,AT,methamphetamine,,,
2,2011,AT,MDMA,,,
3,2011,AT,cannabis,,,
4,2011,AT,cocaine,,,
5,2012,AT,amphetamine,,,
6,2012,AT,methamphetamine,,,
7,2012,AT,MDMA,,,
8,2012,AT,cannabis,,,
9,2012,AT,cocaine,,,
10,2013,AT,amphetamine,,,
11,2013,AT,methamphetamine,,,
12,2013,AT,MDMA,,,
13,2013,AT,cannabis,,,
14,2013,AT,cocaine,,,
15,2014,AT,amphetamine,,,
16,2014,AT,methamphetamine,,,
17,2014,AT,MDMA,,,
18,2014,AT,cannabis,,,
19,2014,AT,cocaine,,,
20,2015,AT,amphetamine,0.0,0.0,0.0
21,2015,AT,methamphetamine,0.0,0.0,0.0
22,2015,AT,MDMA,13.88,12.29,15.07
23,2015,AT,cannabis,,,
24,2015,AT,cocaine,83.39,66.35,96.16
25,2016,AT,amphetamine,12.45,8.7,15.26
26,2016,AT,methamphetamine,2.01,1.93,2.07
27,2016,AT,MDMA,21.73,11.83,29.15
28,2016,AT,cannabis,,,
29,2016,AT,cocaine,161.96,127.75,187.62
30,2017,AT,amphetamine,14.82,11.4,17.38
31,2017,AT,methamphetamine,2.86,2.32,3.27
32,2017,AT,MDMA,20.91,10.48,28.74
33,2017,AT,cannabis,,,
34,2017,AT,cocaine,222.78,186.49,250.0
35,2018,AT,amphetamine,41.72,37.480000000000004,44.89
36,2018,AT,methamphetamine,5.08,4.77,5.289999999999999
37,2018,AT,MDMA,50.43,29.29,66.28
38,2018,AT,cannabis,268.81,272.19,266.28000000000003
39,2018,AT,cocaine,782.3,641.5699999999999,887.8399999999999
40,2019,AT,amphetamine,131.64,111.22999999999998,146.93
41,2019,AT,methamphetamine,15.39,16.03,14.919999999999998
42,2019,AT,MDMA,102.96,68.35000000000001,128.9
43,2019,AT,cannabis,457.13,481.15,439.12
44,2019,AT,cocaine,1068.43,884.23,1206.57
45,2020,AT,amphetamine,163.45,150.0,173.48999999999995
46,2020,AT,methamphetamine,33.449999999999996,33.32,33.54
47,2020,AT,MDMA,126.49000000000001,82.59,159.41
48,2020,AT,cannabis,453.74,461.94999999999993,447.61
49,2020,AT,cocaine,1638.6000000000001,1412.99,1807.8199999999997
50,2021,AT,amphetamine,146.04999999999998,142.00000000000003,149.11
51,2021,AT,methamphetamine,34.06,33.49,34.47
52,2021,AT,MDMA,54.269999999999996,37.21,67.09
53,2021,AT,cannabis,577.27,630.8100000000001,537.12
54,2021,AT,cocaine,1651.21,1409.73,1832.3500000000001
55,2011,BE,amphetamine,312.57,264.27,348.79999999999995
56,2011,BE,methamphetamine,5.46,4.75,5.99
57,2011,BE,MDMA,59.59,35.46,75.84
58,2011,BE,cannabis,0.0,0.0,0.0
59,2011,BE,cocaine,905.5,760.7099999999999,1014.0999999999999
60,2012,BE,amphetamine,300.31,299.59000000000003,300.84999999999997
61,2012,BE,methamphetamine,13.43,13.68,13.239999999999998
62,2012,BE,MDMA,97.67,75.41999999999999,114.36999999999999
63,2012,BE,cannabis,255.11,264.49,248.08
64,2012,BE,cocaine,1244.87,1124.58,1335.0900000000001
65,2013,BE,amphetamine,467.1,472.65000000000003,462.86
66,2013,BE,methamphetamine,14.11,12.690000000000001,15.18
67,2013,BE,MDMA,143.03,103.44,172.47
68,2013,BE,cannabis,375.58,362.82,384.62999999999994
69,2013,BE,cocaine,1684.0800000000002,1523.1,1803.3199999999997
70,2014,BE,amphetamine,678.1999999999999,554.6999999999999,660.73
71,2014,BE,methamphetamine,26.389999999999997,22.63,28.4
72,2014,BE,MDMA,106.97,68.39999999999999,123.42
73,2014,BE,cannabis,,,
74,2014,BE,cocaine,1176.89,952.0999999999999,1306.56
75,2015,BE,amphetamine,1002.95,987.94,1014.22
76,2015,BE,methamphetamine,30.090000000000007,31.060000000000002,29.38
77,2015,BE,MDMA,170.26,145.99999999999997,188.45000000000005
78,2015,BE,cannabis,,,
79,2015,BE,cocaine,1845.9799999999998,1668.93,1978.79
80,2016,BE,amphetamine,544.8,485.29999999999995,589.4300000000001
81,2016,BE,methamphetamine,16.52,14.580000000000002,17.96
82,2016,BE,MDMA,195.13,141.20999999999998,235.57
83,2016,BE,cannabis,,,
84,2016,BE,cocaine,1916.3299999999997,1597.03,2155.81
85,2017,BE,amphetamine,872.73,929.63,841.13
86,2017,BE,methamphetamine,29.12,27.54,30.3
87,2017,BE,MDMA,184.48000000000002,156.52,208.21000000000004
88,2017,BE,cannabis,,,
89,2017,BE,cocaine,2324.89,2095.59,2544.09
90,2018,BE,amphetamine,478.49,430.79,514.27
91,2018,BE,methamphetamine,24.71,24.54,24.82
92,2018,BE,MDMA,53.19,33.11,68.24
93,2018,BE,cannabis,,,
94,2018,BE,cocaine,1494.91,1291.66,1647.3700000000001
95,2019,BE,amphetamine,962.68,1090.2399999999998,867.02
96,2019,BE,methamphetamine,55.379999999999995,63.43,49.349999999999994
97,2019,BE,MDMA,223.01000000000002,215.61,228.56
98,2019,BE,cannabis,,,
99,2019,BE,cocaine,2579.82,2586.67,2574.69
100,2020,BE,amphetamine,651.38,655.36,648.4
101,2020,BE,methamphetamine,51.41,48.61,53.5
102,2020,BE,MDMA,125.71,109.70000000000002,137.73
103,2020,BE,cannabis,,,
104,2020,BE,cocaine,2066.26,1940.99,2160.2
105,2021,BE,amphetamine,75.58,82.78,70.17
106,2021,BE,methamphetamine,110.07,144.69,84.1
107,2021,BE,MDMA,117.55,76.85,148.07
108,2021,BE,cannabis,,,
109,2021,BE,cocaine,2349.96,2099.54,2537.7799999999997
110,2011,CH,amphetamine,,,
111,2011,CH,methamphetamine,,,
112,2011,CH,MDMA,,,
113,2011,CH,cannabis,,,
114,2011,CH,cocaine,,,
115,2012,CH,amphetamine,72.00999999999999,81.38,64.99000000000001
116,2012,CH,methamphetamine,19.55,20.88,18.55
117,2012,CH,MDMA,82.72999999999999,37.71,116.49
118,2012,CH,cannabis,,,
119,2012,CH,cocaine,1324.73,1288.44,1351.95
120,2013,CH,amphetamine,95.6,101.85,90.91
121,2013,CH,methamphetamine,45.660000000000004,52.05,40.870000000000005
122,2013,CH,MDMA,112.43,54.47,153.18
123,2013,CH,cannabis,,,
124,2013,CH,cocaine,1753.22,1504.51,1921.0500000000002
125,2014,CH,amphetamine,67.59,53.190000000000005,78.39
126,2014,CH,methamphetamine,49.959999999999994,49.53,50.28
127,2014,CH,MDMA,143.01999999999998,60.8,204.67000000000002
128,2014,CH,cannabis,,,
129,2014,CH,cocaine,2416.9399999999996,2120.92,2638.9900000000002
130,2015,CH,amphetamine,106.15,106.67999999999999,105.75
131,2015,CH,methamphetamine,105.0,139.48000000000002,79.13
132,2015,CH,MDMA,137.22,59.44,195.54
133,2015,CH,cannabis,,,
134,2015,CH,cocaine,1785.85,1553.37,1960.21
135,2016,CH,amphetamine,96.50999999999999,88.81,102.1
136,2016,CH,methamphetamine,59.989999999999995,61.650000000000006,58.69
137,2016,CH,MDMA,138.46,64.13,198.74
138,2016,CH,cannabis,,,
139,2016,CH,cocaine,2349.1899999999996,2064.1800000000003,2579.88
140,2017,CH,amphetamine,190.12,181.32,197.27
141,2017,CH,methamphetamine,150.31,144.2,154.70999999999998
142,2017,CH,MDMA,220.53000000000003,105.87,311.06
143,2017,CH,cannabis,,,
144,2017,CH,cocaine,3641.65,2836.1100000000006,4279.8099999999995
145,2018,CH,amphetamine,183.76,160.97,200.84
146,2018,CH,methamphetamine,,,
147,2018,CH,MDMA,206.89,95.75999999999999,290.22
148,2018,CH,cannabis,,,
149,2018,CH,cocaine,3250.01,2754.72,3621.46
150,2019,CH,amphetamine,218.15000000000003,208.97,224.97
151,2019,CH,methamphetamine,144.41000000000003,143.59,144.95
152,2019,CH,MDMA,150.54000000000002,71.05000000000001,212.66000000000003
153,2019,CH,cannabis,410.27,354.84,457.20000000000005
154,2019,CH,cocaine,3680.13,3271.5299999999997,3995.3999999999996
155,2020,CH,amphetamine,173.87,155.68,191.32999999999998
156,2020,CH,methamphetamine,106.18,104.3,107.34
157,2020,CH,MDMA,87.94,59.870000000000005,109.53
158,2020,CH,cannabis,325.1,335.57,317.48
159,2020,CH,cocaine,2634.87,2396.83,2830.07
160,2021,CH,amphetamine,211.70999999999998,212.51,212.22000000000003
161,2021,CH,methamphetamine,201.62,196.07999999999998,206.64000000000001
162,2021,CH,MDMA,97.33000000000001,67.35,121.47
163,2021,CH,cannabis,,,
164,2021,CH,cocaine,3541.05,3215.75,3829.1899999999996
165,2011,CY,amphetamine,,,
166,2011,CY,methamphetamine,,,
167,2011,CY,MDMA,,,
168,2011,CY,cannabis,,,
169,2011,CY,cocaine,,,
170,2012,CY,amphetamine,,,
171,2012,CY,methamphetamine,,,
172,2012,CY,MDMA,,,
173,2012,CY,cannabis,,,
174,2012,CY,cocaine,,,
175,2013,CY,amphetamine,1.69,1.93,1.51
176,2013,CY,methamphetamine,3.48,3.7,3.31
177,2013,CY,MDMA,0.46,0.4,0.51
178,2013,CY,cannabis,,,
179,2013,CY,cocaine,13.92,13.38,14.32
180,2014,CY,amphetamine,,,
181,2014,CY,methamphetamine,,,
182,2014,CY,MDMA,,,
183,2014,CY,cannabis,,,
184,2014,CY,cocaine,,,
185,2015,CY,amphetamine,6.07,5.67,6.38
186,2015,CY,methamphetamine,32.27,33.32,31.47
187,2015,CY,MDMA,2.35,2.3,2.38
188,2015,CY,cannabis,,,
189,2015,CY,cocaine,78.94,85.26,74.2
190,2016,CY,amphetamine,8.07,10.34,6.37
191,2016,CY,methamphetamine,14.04,17.06,11.78
192,2016,CY,MDMA,3.43,4.29,2.78
193,2016,CY,cannabis,,,
194,2016,CY,cocaine,153.46,137.36,165.54
195,2017,CY,amphetamine,9.7,9.4,9.93
196,2017,CY,methamphetamine,88.01,85.89,89.6
197,2017,CY,MDMA,9.13,5.1,12.15
198,2017,CY,cannabis,,,
199,2017,CY,cocaine,,,
200,2018,CY,amphetamine,7.59,7.44,7.7
201,2018,CY,methamphetamine,41.98,44.09,40.39
202,2018,CY,MDMA,9.44,8.24,10.34
203,2018,CY,cannabis,,,
204,2018,CY,cocaine,,,
205,2019,CY,amphetamine,4.84,4.68,4.96
206,2019,CY,methamphetamine,55.93,58.49,54.02
207,2019,CY,MDMA,13.65,15.58,12.2
208,2019,CY,cannabis,,,
209,2019,CY,cocaine,272.39,246.5,291.8
210,2020,CY,amphetamine,3.41,6.03,1.44
211,2020,CY,methamphetamine,18.91,24.05,15.06
212,2020,CY,MDMA,2.56,2.82,2.38
213,2020,CY,cannabis,,,
214,2020,CY,cocaine,43.9,50.95,38.61
215,2021,CY,amphetamine,21.209999999999997,25.36,18.08
216,2021,CY,methamphetamine,42.56,40.120000000000005,44.41
217,2021,CY,MDMA,38.7,19.080000000000002,53.43
218,2021,CY,cannabis,,,
219,2021,CY,cocaine,310.5,231.04000000000002,370.10999999999996
220,2011,CZ,amphetamine,28.51,28.23,28.71
221,2011,CZ,methamphetamine,175.49,181.64,170.88
222,2011,CZ,MDMA,3.48,3.18,3.71
223,2011,CZ,cannabis,50.37,55.35,46.63
224,2011,CZ,cocaine,6.82,7.19,6.53
225,2012,CZ,amphetamine,52.53999999999999,51.75,53.13
226,2012,CZ,methamphetamine,293.17,289.7,295.77
227,2012,CZ,MDMA,19.72,21.54,18.36
228,2012,CZ,cannabis,118.06,127.59,110.92
229,2012,CZ,cocaine,53.59,45.16,59.93
230,2013,CZ,amphetamine,56.85,53.69,59.230000000000004
231,2013,CZ,methamphetamine,541.89,521.24,557.38
232,2013,CZ,MDMA,29.14,14.81,39.9
233,2013,CZ,cannabis,152.91,155.59,150.89
234,2013,CZ,cocaine,54.03,55.980000000000004,52.54
235,2014,CZ,amphetamine,,,
236,2014,CZ,methamphetamine,,,
237,2014,CZ,MDMA,,,
238,2014,CZ,cannabis,,,
239,2014,CZ,cocaine,,,
240,2015,CZ,amphetamine,18.51,18.2,18.74
241,2015,CZ,methamphetamine,161.18,162.0,160.57
242,2015,CZ,MDMA,9.12,4.76,12.39
243,2015,CZ,cannabis,,,
244,2015,CZ,cocaine,5.45,4.07,6.49
245,2016,CZ,amphetamine,21.54,19.5,23.07
246,2016,CZ,methamphetamine,261.9,237.34,280.32
247,2016,CZ,MDMA,18.51,10.59,24.45
248,2016,CZ,cannabis,,,
249,2016,CZ,cocaine,6.83,6.3,7.24
250,2017,CZ,amphetamine,17.35,18.549999999999997,16.45
251,2017,CZ,methamphetamine,385.83,373.42,395.12
252,2017,CZ,MDMA,39.29,16.34,56.5
253,2017,CZ,cannabis,,,
254,2017,CZ,cocaine,36.71,25.29,45.28
255,2018,CZ,amphetamine,35.83,33.96,37.22
256,2018,CZ,methamphetamine,225.84,214.74,234.16
257,2018,CZ,MDMA,37.57,23.119999999999997,48.42
258,2018,CZ,cannabis,71.83,75.24000000000001,69.27000000000001
259,2018,CZ,cocaine,58.58,40.09,72.43
260,2019,CZ,amphetamine,129.96,124.75999999999999,133.86
261,2019,CZ,methamphetamine,1328.03,1202.67,1422.0500000000002
262,2019,CZ,MDMA,118.92,67.63,157.4
263,2019,CZ,cannabis,280.74,292.19,272.15999999999997
264,2019,CZ,cocaine,566.5600000000001,458.21999999999997,647.8199999999999
265,2020,CZ,amphetamine,147.45999999999998,135.20000000000002,156.66
266,2020,CZ,methamphetamine,1419.33,1479.93,1373.8799999999999
267,2020,CZ,MDMA,63.44,42.59,79.07
268,2020,CZ,cannabis,261.57000000000005,252.84,268.12
269,2020,CZ,cocaine,376.85,335.39,407.93
270,2021,CZ,amphetamine,177.01,167.07,184.5
271,2021,CZ,methamphetamine,2405.1,2537.77,2305.5899999999997
272,2021,CZ,MDMA,79.12,54.5,97.58
273,2021,CZ,cannabis,497.14,518.77,480.95
274,2021,CZ,cocaine,482.09000000000003,402.13,542.05
275,2011,DK,amphetamine,,,
276,2011,DK,methamphetamine,,,
277,2011,DK,MDMA,,,
278,2011,DK,cannabis,,,
279,2011,DK,cocaine,,,
280,2012,DK,amphetamine,,,
281,2012,DK,methamphetamine,,,
282,2012,DK,MDMA,,,
283,2012,DK,cannabis,,,
284,2012,DK,cocaine,,,
285,2013,DK,amphetamine,30.64,28.08,32.57
286,2013,DK,methamphetamine,9.78,9.6,9.92
287,2013,DK,MDMA,19.47,9.08,27.26
288,2013,DK,cannabis,,,
289,2013,DK,cocaine,218.55,174.43,251.64
290,2014,DK,amphetamine,,,
291,2014,DK,methamphetamine,0.0,0.0,0.0
292,2014,DK,MDMA,28.21,0.99,48.61
293,2014,DK,cannabis,,,
294,2014,DK,cocaine,341.8,284.12,385.06
295,2015,DK,amphetamine,14.68,8.13,19.59
296,2015,DK,methamphetamine,11.66,12.06,11.35
297,2015,DK,MDMA,53.08,37.88,64.48
298,2015,DK,cannabis,,,
299,2015,DK,cocaine,337.15,244.05,406.98
300,2016,DK,amphetamine,,,
301,2016,DK,methamphetamine,,,
302,2016,DK,MDMA,,,
303,2016,DK,cannabis,,,
304,2016,DK,cocaine,,,
305,2017,DK,amphetamine,,,
306,2017,DK,methamphetamine,,,
307,2017,DK,MDMA,,,
308,2017,DK,cannabis,,,
309,2017,DK,cocaine,,,
310,2018,DK,amphetamine,59.45,58.04,60.51
311,2018,DK,methamphetamine,16.22,16.02,16.37
312,2018,DK,MDMA,18.25,11.64,23.2
313,2018,DK,cannabis,,,
314,2018,DK,cocaine,465.72,404.04,511.98
315,2019,DK,amphetamine,74.27,59.3,85.5
316,2019,DK,methamphetamine,23.68,18.27,27.73
317,2019,DK,MDMA,36.91,17.61,51.38
318,2019,DK,cannabis,,,
319,2019,DK,cocaine,599.71,359.31,780.0
320,2020,DK,amphetamine,,,
321,2020,DK,methamphetamine,,,
322,2020,DK,MDMA,,,
323,2020,DK,cannabis,,,
324,2020,DK,cocaine,,,
325,2021,DK,amphetamine,90.74,101.04,83.02
326,2021,DK,methamphetamine,47.69,46.71,48.43
327,2021,DK,MDMA,46.03,29.089999999999996,58.730000000000004
328,2021,DK,cannabis,,,
329,2021,DK,cocaine,828.5,708.25,918.69
330,2011,ES,amphetamine,49.25,41.89,55.59
331,2011,ES,methamphetamine,8.43,7.34,9.24
332,2011,ES,MDMA,24.72,13.780000000000001,33.35
333,2011,ES,cannabis,303.40000000000003,301.74,302.88
334,2011,ES,cocaine,1004.47,850.3599999999999,1135.42
335,2012,ES,amphetamine,13.37,12.06,14.36
336,2012,ES,methamphetamine,26.55,25.78,27.13
337,2012,ES,MDMA,32.67,14.8,46.07
338,2012,ES,cannabis,312.82,291.76,328.61
339,2012,ES,cocaine,903.52,730.6,1033.2199999999998
340,2013,ES,amphetamine,37.67,32.8,41.33
341,2013,ES,methamphetamine,27.67,27.1,28.099999999999998
342,2013,ES,MDMA,45.980000000000004,24.28,62.25
343,2013,ES,cannabis,306.27,304.77,307.40999999999997
344,2013,ES,cocaine,1244.2,1022.45,1410.52
345,2014,ES,amphetamine,44.519999999999996,37.21,50.0
346,2014,ES,methamphetamine,23.34,17.94,27.39
347,2014,ES,MDMA,54.62,36.33,68.35
348,2014,ES,cannabis,,,
349,2014,ES,cocaine,1210.71,1091.78,1299.91
350,2015,ES,amphetamine,43.4,42.34,44.19
351,2015,ES,methamphetamine,34.54,36.04,33.410000000000004
352,2015,ES,MDMA,65.74,52.29,75.84
353,2015,ES,cannabis,,,
354,2015,ES,cocaine,1274.74,1105.74,1401.5
355,2016,ES,amphetamine,53.120000000000005,53.8,52.6
356,2016,ES,methamphetamine,24.96,23.78,25.86
357,2016,ES,MDMA,64.11,40.75,81.61999999999999
358,2016,ES,cannabis,,,
359,2016,ES,cocaine,1978.02,1604.29,2258.2999999999997
360,2017,ES,amphetamine,70.85,62.7,76.97
361,2017,ES,methamphetamine,67.68,69.1,66.62
362,2017,ES,MDMA,83.32,55.78,103.97
363,2017,ES,cannabis,,,
364,2017,ES,cocaine,2511.95,2084.68,2832.4
365,2018,ES,amphetamine,49.68000000000001,49.5,49.81
366,2018,ES,methamphetamine,56.830000000000005,56.54,57.04
367,2018,ES,MDMA,88.10000000000001,49.779999999999994,116.85
368,2018,ES,cannabis,443.12,434.17,449.87
369,2018,ES,cocaine,2285.68,1973.0100000000002,2520.2000000000003
370,2019,ES,amphetamine,53.34,61.88000000000001,46.92999999999999
371,2019,ES,methamphetamine,121.59,103.45000000000002,135.17000000000002
372,2019,ES,MDMA,116.77999999999999,75.55000000000001,147.70999999999998
373,2019,ES,cannabis,586.46,666.16,526.6899999999999
374,2019,ES,cocaine,2908.42,2681.31,3078.75
375,2020,ES,amphetamine,0.0,0.0,0.0
376,2020,ES,methamphetamine,0.0,0.0,0.0
377,2020,ES,MDMA,32.980000000000004,25.04,38.93
378,2020,ES,cannabis,161.63,185.32999999999998,143.86
379,2020,ES,cocaine,1048.6799999999998,983.2,1097.79
380,2021,ES,amphetamine,45.74,44.44,46.72
381,2021,ES,methamphetamine,68.91,70.84,67.45
382,2021,ES,MDMA,71.19,,80.66999999999999
383,2021,ES,cannabis,645.0600000000001,510.05,746.3100000000001
384,2021,ES,cocaine,1741.73,1546.0800000000002,1888.45
385,2011,FI,amphetamine,,,
386,2011,FI,methamphetamine,,,
387,2011,FI,MDMA,,,
388,2011,FI,cannabis,,,
389,2011,FI,cocaine,,,
390,2012,FI,amphetamine,87.34,79.9,92.92
391,2012,FI,methamphetamine,,,
392,2012,FI,MDMA,14.57,6.57,20.57
393,2012,FI,cannabis,,,
394,2012,FI,cocaine,9.27,5.47,12.12
395,2013,FI,amphetamine,158.5,148.71,165.85
396,2013,FI,methamphetamine,,,
397,2013,FI,MDMA,32.879999999999995,16.15,45.43
398,2013,FI,cannabis,,,
399,2013,FI,cocaine,,,
400,2014,FI,amphetamine,736.55,647.8799999999999,803.0499999999998
401,2014,FI,methamphetamine,76.10000000000001,100.14999999999999,58.05
402,2014,FI,MDMA,180.83,136.55,214.03999999999996
403,2014,FI,cannabis,,,
404,2014,FI,cocaine,42.11000000000001,36.99000000000001,47.25
405,2015,FI,amphetamine,339.90999999999997,288.61,378.38
406,2015,FI,methamphetamine,24.619999999999997,23.76,25.270000000000003
407,2015,FI,MDMA,129.95,48.45,191.08
408,2015,FI,cannabis,,,
409,2015,FI,cocaine,23.720000000000002,16.62,29.04
410,2016,FI,amphetamine,810.48,725.1,874.5299999999999
411,2016,FI,methamphetamine,367.3,343.59000000000003,385.1
412,2016,FI,MDMA,253.42000000000002,125.20999999999998,349.54
413,2016,FI,cannabis,,,
414,2016,FI,cocaine,52.17999999999999,44.92,57.63
415,2017,FI,amphetamine,193.58999999999997,165.25,214.85000000000002
416,2017,FI,methamphetamine,128.7,115.46000000000001,138.64999999999998
417,2017,FI,MDMA,105.21,56.379999999999995,141.82999999999998
418,2017,FI,cannabis,,,
419,2017,FI,cocaine,68.03,47.96,83.08000000000001
420,2018,FI,amphetamine,1891.92,1770.2200000000005,1990.4499999999998
421,2018,FI,methamphetamine,229.92999999999995,211.38,243.82
422,2018,FI,MDMA,380.93,259.56999999999994,473.94000000000005
423,2018,FI,cannabis,,,
424,2018,FI,cocaine,257.13,208.83,298.78000000000003
425,2019,FI,amphetamine,585.4399999999999,523.53,631.86
426,2019,FI,methamphetamine,78.61,65.69,88.28999999999999
427,2019,FI,MDMA,120.46000000000001,63.870000000000005,162.92
428,2019,FI,cannabis,,,
429,2019,FI,cocaine,144.17999999999998,104.64,173.83
430,2020,FI,amphetamine,3632.4800000000005,3282.9900000000007,3894.6099999999997
431,2020,FI,methamphetamine,84.36000000000001,78.36999999999999,88.81
432,2020,FI,MDMA,513.1800000000001,352.14000000000004,633.9499999999998
433,2020,FI,cannabis,,,
434,2020,FI,cocaine,341.83000000000015,252.20000000000002,409.06000000000006
435,2021,FI,amphetamine,666.29,621.9399999999999,699.54
436,2021,FI,methamphetamine,8.030000000000001,7.83,8.19
437,2021,FI,MDMA,74.02,38.88,100.36000000000001
438,2021,FI,cannabis,,,
439,2021,FI,cocaine,121.88000000000001,77.88000000000001,154.87
440,2011,FR,amphetamine,0.0,0.0,0.0
441,2011,FR,methamphetamine,0.0,0.0,0.0
442,2011,FR,MDMA,14.94,9.72,18.85
443,2011,FR,cannabis,123.59,100.18,141.14
444,2011,FR,cocaine,206.3,189.12,219.18
445,2012,FR,amphetamine,0.0,0.0,0.0
446,2012,FR,methamphetamine,0.0,0.0,0.0
447,2012,FR,MDMA,,,
448,2012,FR,cannabis,117.46,111.79,121.7
449,2012,FR,cocaine,215.42,136.88,274.32
450,2013,FR,amphetamine,0.0,0.0,0.0
451,2013,FR,methamphetamine,4.0,4.14,3.9
452,2013,FR,MDMA,26.06,10.17,37.97
453,2013,FR,cannabis,151.03,141.06,158.5
454,2013,FR,cocaine,242.66,195.67,277.91
455,2014,FR,amphetamine,0.0,0.0,0.0
456,2014,FR,methamphetamine,0.0,0.0,0.0
457,2014,FR,MDMA,19.06,2.41,31.55
458,2014,FR,cannabis,,,
459,2014,FR,cocaine,233.96,192.97,264.7
460,2015,FR,amphetamine,0.0,0.0,0.0
461,2015,FR,methamphetamine,0.0,0.0,0.0
462,2015,FR,MDMA,20.6,1.98,34.56
463,2015,FR,cannabis,,,
464,2015,FR,cocaine,161.56,124.19,189.59
465,2016,FR,amphetamine,0.0,0.0,0.0
466,2016,FR,methamphetamine,0.0,0.0,0.0
467,2016,FR,MDMA,30.98,18.05,40.67
468,2016,FR,cannabis,,,
469,2016,FR,cocaine,415.63,351.27,463.89
470,2017,FR,amphetamine,0.0,0.0,0.0
471,2017,FR,methamphetamine,0.0,0.0,0.0
472,2017,FR,MDMA,67.23,30.53,94.75999999999999
473,2017,FR,cannabis,,,
474,2017,FR,cocaine,1090.83,869.26,1257.96
475,2018,FR,amphetamine,0.0,0.0,0.0
476,2018,FR,methamphetamine,0.0,0.0,0.0
477,2018,FR,MDMA,61.03,17.990000000000002,93.33
478,2018,FR,cannabis,336.03000000000003,303.39,360.52
479,2018,FR,cocaine,783.36,706.2700000000001,841.19
480,2019,FR,amphetamine,0.0,0.0,0.0
481,2019,FR,methamphetamine,0.0,0.0,0.0
482,2019,FR,MDMA,64.03,27.93,91.12
483,2019,FR,cannabis,264.92,242.84,281.49
484,2019,FR,cocaine,530.3,463.28,580.56
485,2020,FR,amphetamine,0.0,0.0,0.0
486,2020,FR,methamphetamine,0.0,0.0,0.0
487,2020,FR,MDMA,32.29,23.72,38.71
488,2020,FR,cannabis,163.69,180.7,150.93
489,2020,FR,cocaine,410.58,416.87,405.85
490,2021,FR,amphetamine,,,
491,2021,FR,methamphetamine,0.0,0.0,0.0
492,2021,FR,MDMA,56.95,27.17,79.28
493,2021,FR,cannabis,117.74,128.1,109.96
494,2021,FR,cocaine,427.42,430.43,425.16
495,2011,GB,amphetamine,37.6,41.21,33.98
496,2011,GB,methamphetamine,8.18,7.37,8.99
497,2011,GB,MDMA,32.25,21.23,43.28
498,2011,GB,cannabis,,,
499,2011,GB,cocaine,392.71,361.2,424.22
500,2012,GB,amphetamine,,,
501,2012,GB,methamphetamine,,,
502,2012,GB,MDMA,,,
503,2012,GB,cannabis,,,
504,2012,GB,cocaine,,,
505,2013,GB,amphetamine,0.0,0.0,0.0
506,2013,GB,methamphetamine,8.96,5.44,11.6
507,2013,GB,MDMA,32.76,26.68,37.33
508,2013,GB,cannabis,,,
509,2013,GB,cocaine,710.65,799.35,644.13
510,2014,GB,amphetamine,82.99,80.44,84.9
511,2014,GB,methamphetamine,2.05,2.3,1.86
512,2014,GB,MDMA,99.28999999999999,57.0,131.01
513,2014,GB,cannabis,,,
514,2014,GB,cocaine,985.6300000000001,900.9399999999999,1049.1399999999999
515,2015,GB,amphetamine,82.64,82.06,83.07
516,2015,GB,methamphetamine,1.19,1.13,1.23
517,2015,GB,MDMA,108.06,66.11,139.54
518,2015,GB,cannabis,,,
519,2015,GB,cocaine,1215.6799999999998,968.74,1400.9
520,2016,GB,amphetamine,105.61,97.3,111.84
521,2016,GB,methamphetamine,0.0,0.0,0.0
522,2016,GB,MDMA,51.22,14.2,78.98
523,2016,GB,cannabis,,,
524,2016,GB,cocaine,1285.33,1036.18,1498.29
525,2017,GB,amphetamine,53.76,50.88,55.91
526,2017,GB,methamphetamine,0.89,0.1,1.48
527,2017,GB,MDMA,33.04,13.7,47.55
528,2017,GB,cannabis,,,
529,2017,GB,cocaine,754.74,549.85,908.4
530,2018,GB,amphetamine,,,
531,2018,GB,methamphetamine,8.03,8.58,7.61
532,2018,GB,MDMA,,,
533,2018,GB,cannabis,,,
534,2018,GB,cocaine,969.23,743.2,1138.76
535,2019,GB,amphetamine,,,
536,2019,GB,methamphetamine,57.59,53.58,60.6
537,2019,GB,MDMA,50.38,30.2,65.51
538,2019,GB,cannabis,,,
539,2019,GB,cocaine,618.82,509.08,701.13
540,2020,GB,amphetamine,,,
541,2020,GB,methamphetamine,,,
542,2020,GB,MDMA,,,
543,2020,GB,cannabis,,,
544,2020,GB,cocaine,,,
545,2021,GB,amphetamine,,,
546,2021,GB,methamphetamine,6.94,5.9,8.34
547,2021,GB,MDMA,18.07,14.93,22.25
548,2021,GB,cannabis,,,
549,2021,GB,cocaine,750.71,505.49,1077.68
550,2011,GR,amphetamine,,,
551,2011,GR,methamphetamine,,,
552,2011,GR,MDMA,,,
553,2011,GR,cannabis,,,
554,2011,GR,cocaine,,,
555,2012,GR,amphetamine,,,
556,2012,GR,methamphetamine,,,
557,2012,GR,MDMA,,,
558,2012,GR,cannabis,,,
559,2012,GR,cocaine,,,
560,2013,GR,amphetamine,16.05,17.97,14.62
561,2013,GR,methamphetamine,4.76,4.88,4.67
562,2013,GR,MDMA,2.46,1.93,2.85
563,2013,GR,cannabis,103.56,62.85,134.09
564,2013,GR,cocaine,59.21,60.13,58.52
565,2014,GR,amphetamine,16.84,20.19,14.32
566,2014,GR,methamphetamine,5.3,4.92,5.58
567,2014,GR,MDMA,4.4,2.64,5.73
568,2014,GR,cannabis,,,
569,2014,GR,cocaine,80.06,67.43,89.53
570,2015,GR,amphetamine,10.43,9.14,11.4
571,2015,GR,methamphetamine,4.4,3.94,4.75
572,2015,GR,MDMA,4.24,2.26,5.73
573,2015,GR,cannabis,,,
574,2015,GR,cocaine,75.35000000000001,64.45,83.52000000000001
575,2016,GR,amphetamine,4.61,4.36,4.8
576,2016,GR,methamphetamine,2.97,2.82,3.09
577,2016,GR,MDMA,2.53,1.66,3.19
578,2016,GR,cannabis,,,
579,2016,GR,cocaine,30.41,25.25,34.28
580,2017,GR,amphetamine,2.24,2.23,1.79
581,2017,GR,methamphetamine,3.98,3.77,3.86
582,2017,GR,MDMA,2.49,1.9,4.17
583,2017,GR,cannabis,,,
584,2017,GR,cocaine,38.28,37.15,42.38
585,2018,GR,amphetamine,8.64,6.21,10.46
586,2018,GR,methamphetamine,,,
587,2018,GR,MDMA,4.7,3.32,5.73
588,2018,GR,cannabis,50.85,53.22,49.06
589,2018,GR,cocaine,,,
590,2019,GR,amphetamine,,,
591,2019,GR,methamphetamine,12.290000000000001,13.719999999999999,11.23
592,2019,GR,MDMA,7.19,6.79,7.48
593,2019,GR,cannabis,74.02000000000001,63.02,82.26
594,2019,GR,cocaine,72.34,70.86,73.46000000000001
595,2020,GR,amphetamine,,,
596,2020,GR,methamphetamine,18.31,18.0,19.5
597,2020,GR,MDMA,,,
598,2020,GR,cannabis,60.540000000000006,42.97,73.71000000000001
599,2020,GR,cocaine,,,
600,2021,GR,amphetamine,,,
601,2021,GR,methamphetamine,10.61,9.78,11.23
602,2021,GR,MDMA,3.38,3.2,3.52
603,2021,GR,cannabis,38.73,30.83,44.66
604,2021,GR,cocaine,95.85,90.18,100.1
605,2011,HR,amphetamine,14.6,12.21,16.39
606,2011,HR,methamphetamine,0.0,0.0,0.0
607,2011,HR,MDMA,3.26,2.04,4.18
608,2011,HR,cannabis,30.59,30.24,30.85
609,2011,HR,cocaine,49.95,42.57,55.48
610,2012,HR,amphetamine,12.13,8.76,14.67
611,2012,HR,methamphetamine,0.0,0.0,0.0
612,2012,HR,MDMA,7.65,2.39,11.59
613,2012,HR,cannabis,44.71,44.9,44.57
614,2012,HR,cocaine,69.8,56.37,79.87
615,2013,HR,amphetamine,10.0,6.58,12.56
616,2013,HR,methamphetamine,,,
617,2013,HR,MDMA,9.45,4.21,13.37
618,2013,HR,cannabis,63.01,65.37,61.24
619,2013,HR,cocaine,80.03,67.06,89.76
620,2014,HR,amphetamine,15.65,11.39,18.85
621,2014,HR,methamphetamine,0.77,0.67,0.85
622,2014,HR,MDMA,11.68,6.42,15.62
623,2014,HR,cannabis,,,
624,2014,HR,cocaine,77.43,65.75,86.19
625,2015,HR,amphetamine,76.73,119.45,44.69
626,2015,HR,methamphetamine,0.0,0.0,0.0
627,2015,HR,MDMA,27.28,17.02,34.97
628,2015,HR,cannabis,,,
629,2015,HR,cocaine,100.47,88.22,109.66
630,2016,HR,amphetamine,72.23,55.48,84.79
631,2016,HR,methamphetamine,0.0,0.0,0.0
632,2016,HR,MDMA,49.22,22.43,69.32
633,2016,HR,cannabis,,,
634,2016,HR,cocaine,162.32,124.93,190.35
635,2017,HR,amphetamine,56.32,47.59,62.87
636,2017,HR,methamphetamine,0.0,0.0,0.0
637,2017,HR,MDMA,32.62,17.76,43.77
638,2017,HR,cannabis,,,
639,2017,HR,cocaine,216.27,180.46,243.13
640,2018,HR,amphetamine,76.08,63.73,85.35
641,2018,HR,methamphetamine,0.0,0.0,0.0
642,2018,HR,MDMA,29.83,20.59,36.77
643,2018,HR,cannabis,120.03,142.89,102.89
644,2018,HR,cocaine,234.54,208.55,254.03
645,2019,HR,amphetamine,145.67,184.11,116.83
646,2019,HR,methamphetamine,0.0,0.0,0.0
647,2019,HR,MDMA,36.5,47.73,28.08
648,2019,HR,cannabis,186.13,185.3,186.76
649,2019,HR,cocaine,395.55,334.69,441.19
650,2020,HR,amphetamine,1013.84,1945.78,314.88
651,2020,HR,methamphetamine,6.14,10.65,2.75
652,2020,HR,MDMA,41.38,33.47,47.31
653,2020,HR,cannabis,228.93,257.6,207.43
654,2020,HR,cocaine,510.24,431.32,569.44
655,2021,HR,amphetamine,,,
656,2021,HR,methamphetamine,0.0,0.0,0.0
657,2021,HR,MDMA,28.26,15.6,37.76
658,2021,HR,cannabis,132.9,133.13,132.73
659,2021,HR,cocaine,548.62,440.23,629.92
660,2011,IT,amphetamine,11.05,9.38,12.31
661,2011,IT,methamphetamine,48.68,43.1,52.86
662,2011,IT,MDMA,7.58,3.59,10.56
663,2011,IT,cannabis,27.61,30.81,25.22
664,2011,IT,cocaine,238.85,221.98,251.5
665,2012,IT,amphetamine,0.0,0.0,0.0
666,2012,IT,methamphetamine,10.11,9.31,10.72
667,2012,IT,MDMA,8.74,4.01,12.28
668,2012,IT,cannabis,24.25,25.43,23.37
669,2012,IT,cocaine,241.75,211.05,264.78
670,2013,IT,amphetamine,,,
671,2013,IT,methamphetamine,5.93,4.73,6.83
672,2013,IT,MDMA,4.96,2.65,6.69
673,2013,IT,cannabis,24.91,28.24,22.41
674,2013,IT,cocaine,233.17,196.89,260.38
675,2014,IT,amphetamine,0.0,0.0,0.0
676,2014,IT,methamphetamine,5.37,5.22,5.48
677,2014,IT,MDMA,3.96,1.67,5.67
678,2014,IT,cannabis,,,
679,2014,IT,cocaine,208.05,198.86,214.94
680,2015,IT,amphetamine,2.72,2.43,2.93
681,2015,IT,methamphetamine,10.05,10.37,9.81
682,2015,IT,MDMA,6.7,2.38,9.94
683,2015,IT,cannabis,,,
684,2015,IT,cocaine,206.12,183.77,222.88
685,2016,IT,amphetamine,0.0,0.0,0.0
686,2016,IT,methamphetamine,13.77,13.6,13.9
687,2016,IT,MDMA,4.45,1.91,6.35
688,2016,IT,cannabis,,,
689,2016,IT,cocaine,306.59,297.34,313.53
690,2017,IT,amphetamine,0.0,0.0,0.0
691,2017,IT,methamphetamine,10.07,8.36,11.36
692,2017,IT,MDMA,4.34,2.12,6.01
693,2017,IT,cannabis,,,
694,2017,IT,cocaine,341.43,302.44,370.67
695,2018,IT,amphetamine,2.2,1.82,2.49
696,2018,IT,methamphetamine,14.0,12.819999999999999,14.89
697,2018,IT,MDMA,10.85,5.9,14.56
698,2018,IT,cannabis,77.14,86.75999999999999,69.91
699,2018,IT,cocaine,755.35,689.86,804.47
700,2019,IT,amphetamine,5.390000000000001,4.74,5.87
701,2019,IT,methamphetamine,18.76,20.77,17.26
702,2019,IT,MDMA,11.29,5.76,15.440000000000001
703,2019,IT,cannabis,84.58,86.41,83.21000000000001
704,2019,IT,cocaine,614.34,539.01,670.8299999999999
705,2020,IT,amphetamine,1.99,1.6,2.28
706,2020,IT,methamphetamine,12.41,12.31,12.48
707,2020,IT,MDMA,4.5,3.0300000000000002,5.55
708,2020,IT,cannabis,81.5,79.53,82.88
709,2020,IT,cocaine,734.54,643.15,798.63
710,2021,IT,amphetamine,0.0,0.0,0.0
711,2021,IT,methamphetamine,14.41,13.78,14.879999999999999
712,2021,IT,MDMA,3.9299999999999997,2.44,5.04
713,2021,IT,cannabis,81.36,75.02000000000001,86.13
714,2021,IT,cocaine,752.3900000000001,687.8499999999999,800.8
715,2011,LT,amphetamine,,,
716,2011,LT,methamphetamine,,,
717,2011,LT,MDMA,,,
718,2011,LT,cannabis,,,
719,2011,LT,cocaine,,,
720,2012,LT,amphetamine,,,
721,2012,LT,methamphetamine,,,
722,2012,LT,MDMA,,,
723,2012,LT,cannabis,,,
724,2012,LT,cocaine,,,
725,2013,LT,amphetamine,,,
726,2013,LT,methamphetamine,,,
727,2013,LT,MDMA,,,
728,2013,LT,cannabis,,,
729,2013,LT,cocaine,,,
730,2014,LT,amphetamine,,,
731,2014,LT,methamphetamine,,,
732,2014,LT,MDMA,,,
733,2014,LT,cannabis,,,
734,2014,LT,cocaine,,,
735,2015,LT,amphetamine,,,
736,2015,LT,methamphetamine,,,
737,2015,LT,MDMA,,,
738,2015,LT,cannabis,,,
739,2015,LT,cocaine,,,
740,2016,LT,amphetamine,,,
741,2016,LT,methamphetamine,,,
742,2016,LT,MDMA,,,
743,2016,LT,cannabis,,,
744,2016,LT,cocaine,,,
745,2017,LT,amphetamine,13.08,14.63,11.91
746,2017,LT,methamphetamine,39.69,38.38,40.67
747,2017,LT,MDMA,15.96,7.29,22.46
748,2017,LT,cannabis,,,
749,2017,LT,cocaine,34.7,22.55,43.82
750,2018,LT,amphetamine,51.260000000000005,55.14,49.17999999999999
751,2018,LT,methamphetamine,98.21,113.38,86.84
752,2018,LT,MDMA,62.81,35.22,83.5
753,2018,LT,cannabis,,,
754,2018,LT,cocaine,170.06,115.76,210.76999999999998
755,2019,LT,amphetamine,94.75,72.32,111.58000000000001
756,2019,LT,methamphetamine,76.43,68.1,82.65
757,2019,LT,MDMA,114.61,75.14,144.22
758,2019,LT,cannabis,,,
759,2019,LT,cocaine,229.51,162.94,279.43
760,2020,LT,amphetamine,126.12,113.51,135.57999999999998
761,2020,LT,methamphetamine,11.420000000000002,11.34,11.469999999999999
762,2020,LT,MDMA,66.94999999999999,56.83,74.53999999999999
763,2020,LT,cannabis,,,
764,2020,LT,cocaine,226.25,185.09,257.12
765,2021,LT,amphetamine,112.87,116.27,110.33000000000001
766,2021,LT,methamphetamine,86.94999999999999,89.02000000000001,85.42
767,2021,LT,MDMA,44.31999999999999,34.54,51.65
768,2021,LT,cannabis,,,
769,2021,LT,cocaine,313.53000000000003,235.57000000000002,372.0
770,2011,LV,amphetamine,,,
771,2011,LV,methamphetamine,,,
772,2011,LV,MDMA,,,
773,2011,LV,cannabis,,,
774,2011,LV,cocaine,,,
775,2012,LV,amphetamine,,,
776,2012,LV,methamphetamine,,,
777,2012,LV,MDMA,,,
778,2012,LV,cannabis,,,
779,2012,LV,cocaine,,,
780,2013,LV,amphetamine,,,
781,2013,LV,methamphetamine,,,
782,2013,LV,MDMA,,,
783,2013,LV,cannabis,,,
784,2013,LV,cocaine,,,
785,2014,LV,amphetamine,,,
786,2014,LV,methamphetamine,,,
787,2014,LV,MDMA,,,
788,2014,LV,cannabis,,,
789,2014,LV,cocaine,,,
790,2015,LV,amphetamine,,,
791,2015,LV,methamphetamine,,,
792,2015,LV,MDMA,,,
793,2015,LV,cannabis,,,
794,2015,LV,cocaine,,,
795,2016,LV,amphetamine,,,
796,2016,LV,methamphetamine,,,
797,2016,LV,MDMA,,,
798,2016,LV,cannabis,,,
799,2016,LV,cocaine,,,
800,2017,LV,amphetamine,,,
801,2017,LV,methamphetamine,,,
802,2017,LV,MDMA,,,
803,2017,LV,cannabis,,,
804,2017,LV,cocaine,,,
805,2018,LV,amphetamine,,,
806,2018,LV,methamphetamine,,,
807,2018,LV,MDMA,,,
808,2018,LV,cannabis,,,
809,2018,LV,cocaine,,,
810,2019,LV,amphetamine,57.91,58.56,57.43
811,2019,LV,methamphetamine,31.42,30.43,32.16
812,2019,LV,MDMA,25.71,30.72,21.95
813,2019,LV,cannabis,,,
814,2019,LV,cocaine,57.34,52.81,60.74
815,2020,LV,amphetamine,53.45,41.28,62.57
816,2020,LV,methamphetamine,76.82,65.39,85.4
817,2020,LV,MDMA,42.98,27.97,54.24
818,2020,LV,cannabis,,,
819,2020,LV,cocaine,78.63,57.09,94.79
820,2021,LV,amphetamine,,,
821,2021,LV,methamphetamine,225.56,196.17,247.61
822,2021,LV,MDMA,29.05,18.79,36.75
823,2021,LV,cannabis,,,
824,2021,LV,cocaine,109.66,72.02,137.89
825,2011,NL,amphetamine,207.02999999999997,256.42,174.04000000000002
826,2011,NL,methamphetamine,0.0,0.0,0.0
827,2011,NL,MDMA,143.92000000000002,138.34,147.93
828,2011,NL,cannabis,403.71000000000004,348.20000000000005,349.47
829,2011,NL,cocaine,1437.86,1332.3300000000002,1515.7500000000002
830,2012,NL,amphetamine,491.01,554.7,443.24
831,2012,NL,methamphetamine,7.8100000000000005,9.45,6.58
832,2012,NL,MDMA,261.70000000000005,161.82999999999998,336.59000000000003
833,2012,NL,cannabis,396.65999999999997,371.13,415.8
834,2012,NL,cocaine,1345.09,1162.13,1482.3000000000002
835,2013,NL,amphetamine,117.33000000000001,85.39,141.28
836,2013,NL,methamphetamine,5.24,3.91,6.23
837,2013,NL,MDMA,172.36,135.5,200.01
838,2013,NL,cannabis,,,
839,2013,NL,cocaine,1018.78,788.23,1191.68
840,2014,NL,amphetamine,404.72999999999996,558.95,309.68
841,2014,NL,methamphetamine,2.96,2.41,2.63
842,2014,NL,MDMA,236.48,215.29,252.39
843,2014,NL,cannabis,,,
844,2014,NL,cocaine,1317.41,1222.27,1376.08
845,2015,NL,amphetamine,95.49000000000001,89.6,99.91
846,2015,NL,methamphetamine,6.96,8.26,5.98
847,2015,NL,MDMA,359.22,250.35,440.88
848,2015,NL,cannabis,,,
849,2015,NL,cocaine,1112.86,832.09,1323.4599999999998
850,2016,NL,amphetamine,97.94,82.09,109.82
851,2016,NL,methamphetamine,2.31,1.04,3.26
852,2016,NL,MDMA,214.49,160.20999999999998,255.2
853,2016,NL,cannabis,,,
854,2016,NL,cocaine,808.23,680.25,904.22
855,2017,NL,amphetamine,789.38,670.95,878.2199999999999
856,2017,NL,methamphetamine,14.01,13.74,14.21
857,2017,NL,MDMA,530.03,551.72,513.79
858,2017,NL,cannabis,,,
859,2017,NL,cocaine,2019.7799999999997,1696.55,2262.21
860,2018,NL,amphetamine,154.26,142.45,163.11
861,2018,NL,methamphetamine,31.27,26.34,34.96
862,2018,NL,MDMA,343.28999999999996,321.38,359.72
863,2018,NL,cannabis,490.45000000000005,463.97,510.3
864,2018,NL,cocaine,1773.8899999999999,1533.4199999999998,1954.24
865,2019,NL,amphetamine,309.20000000000005,281.5,329.97
866,2019,NL,methamphetamine,40.28,48.339999999999996,34.24
867,2019,NL,MDMA,536.24,461.15000000000003,592.54
868,2019,NL,cannabis,522.3499999999999,576.3,481.89
869,2019,NL,cocaine,1991.82,1843.13,2103.3500000000004
870,2020,NL,amphetamine,554.78,561.24,549.9300000000001
871,2020,NL,methamphetamine,57.97,41.53,70.3
872,2020,NL,MDMA,369.59999999999997,300.47,421.44
873,2020,NL,cannabis,528.99,526.35,530.99
874,2020,NL,cocaine,1785.2200000000003,1577.38,1941.1
875,2021,NL,amphetamine,236.8,257.95,220.93
876,2021,NL,methamphetamine,43.88,46.800000000000004,41.68
877,2021,NL,MDMA,308.63,213.15,380.23
878,2021,NL,cannabis,359.77,376.92999999999995,346.9
879,2021,NL,cocaine,2039.99,1868.0300000000002,2168.96
880,2011,NO,amphetamine,12.31,11.62,12.82
881,2011,NO,methamphetamine,244.79,232.77,253.8
882,2011,NO,MDMA,0.0,0.0,0.0
883,2011,NO,cannabis,,,
884,2011,NO,cocaine,52.59,45.59,57.83
885,2012,NO,amphetamine,88.58,76.79,100.38
886,2012,NO,methamphetamine,168.75,156.35,181.15
887,2012,NO,MDMA,10.6,6.63,14.56
888,2012,NO,cannabis,86.31,87.9,84.72
889,2012,NO,cocaine,96.35,83.03,109.66
890,2013,NO,amphetamine,63.99,54.39,71.18
891,2013,NO,methamphetamine,107.9,83.23,126.41
892,2013,NO,MDMA,7.38,3.43,10.34
893,2013,NO,cannabis,,,
894,2013,NO,cocaine,69.88,40.46,91.94
895,2014,NO,amphetamine,,,
896,2014,NO,methamphetamine,237.4,266.28,215.75
897,2014,NO,MDMA,76.06,27.5,112.49
898,2014,NO,cannabis,,,
899,2014,NO,cocaine,270.93,217.31,311.15
900,2015,NO,amphetamine,122.3,118.19,125.39
901,2015,NO,methamphetamine,172.36,166.95,176.42
902,2015,NO,MDMA,37.66,28.19,44.77
903,2015,NO,cannabis,,,
904,2015,NO,cocaine,151.48,114.37,179.31
905,2016,NO,amphetamine,115.59,120.67,107.97
906,2016,NO,methamphetamine,58.25,51.72,68.05
907,2016,NO,MDMA,94.76,62.45,143.22
908,2016,NO,cannabis,,,
909,2016,NO,cocaine,138.4,121.09,164.37
910,2017,NO,amphetamine,63.81,77.24,53.74
911,2017,NO,methamphetamine,92.53,115.46,75.34
912,2017,NO,MDMA,19.5,14.09,23.56
913,2017,NO,cannabis,,,
914,2017,NO,cocaine,92.59,90.98,93.81
915,2018,NO,amphetamine,195.15,176.33,209.26
916,2018,NO,methamphetamine,38.17,28.21,45.63
917,2018,NO,MDMA,28.06,11.55,40.45
918,2018,NO,cannabis,,,
919,2018,NO,cocaine,210.67,154.22,253.0
920,2019,NO,amphetamine,158.9,126.25,183.38
921,2019,NO,methamphetamine,86.46,74.31,95.57
922,2019,NO,MDMA,45.38,35.79,52.58
923,2019,NO,cannabis,,,
924,2019,NO,cocaine,219.25,173.76,253.37
925,2020,NO,amphetamine,221.01,206.94,231.56
926,2020,NO,methamphetamine,29.37,27.98,30.4
927,2020,NO,MDMA,35.27,22.12,45.14
928,2020,NO,cannabis,,,
929,2020,NO,cocaine,239.72,189.24,277.58
930,2021,NO,amphetamine,,,
931,2021,NO,methamphetamine,13.75,14.4,13.27
932,2021,NO,MDMA,30.83,20.7,38.43
933,2021,NO,cannabis,,,
934,2021,NO,cocaine,,,
935,2011,PL,amphetamine,,,
936,2011,PL,methamphetamine,,,
937,2011,PL,MDMA,,,
938,2011,PL,cannabis,,,
939,2011,PL,cocaine,,,
940,2012,PL,amphetamine,,,
941,2012,PL,methamphetamine,,,
942,2012,PL,MDMA,,,
943,2012,PL,cannabis,,,
944,2012,PL,cocaine,,,
945,2013,PL,amphetamine,,,
946,2013,PL,methamphetamine,,,
947,2013,PL,MDMA,,,
948,2013,PL,cannabis,,,
949,2013,PL,cocaine,,,
950,2014,PL,amphetamine,,,
951,2014,PL,methamphetamine,,,
952,2014,PL,MDMA,,,
953,2014,PL,cannabis,,,
954,2014,PL,cocaine,,,
955,2015,PL,amphetamine,,,
956,2015,PL,methamphetamine,,,
957,2015,PL,MDMA,,,
958,2015,PL,cannabis,,,
959,2015,PL,cocaine,,,
960,2016,PL,amphetamine,,,
961,2016,PL,methamphetamine,,,
962,2016,PL,MDMA,,,
963,2016,PL,cannabis,,,
964,2016,PL,cocaine,,,
965,2017,PL,amphetamine,23.41,24.05,22.35
966,2017,PL,methamphetamine,0.5,0.44,0.63
967,2017,PL,MDMA,7.41,4.37,10.52
968,2017,PL,cannabis,,,
969,2017,PL,cocaine,,,
970,2018,PL,amphetamine,,,
971,2018,PL,methamphetamine,,,
972,2018,PL,MDMA,,,
973,2018,PL,cannabis,,,
974,2018,PL,cocaine,,,
975,2019,PL,amphetamine,65.9,60.0,70.32
976,2019,PL,methamphetamine,2.7,3.12,2.39
977,2019,PL,MDMA,26.79,16.22,34.72
978,2019,PL,cannabis,27.96,27.05,28.64
979,2019,PL,cocaine,46.57,36.41,54.2
980,2020,PL,amphetamine,71.39,69.6,72.73
981,2020,PL,methamphetamine,1.67,1.7,1.65
982,2020,PL,MDMA,30.72,26.07,34.2
983,2020,PL,cannabis,29.88,28.96,30.57
984,2020,PL,cocaine,53.96,45.31,60.45
985,2021,PL,amphetamine,,,
986,2021,PL,methamphetamine,3.97,3.46,4.36
987,2021,PL,MDMA,44.13,23.76,59.41
988,2021,PL,cannabis,51.15,55.13,48.16
989,2021,PL,cocaine,67.2,50.29,79.87
990,2011,PT,amphetamine,,,
991,2011,PT,methamphetamine,,,
992,2011,PT,MDMA,,,
993,2011,PT,cannabis,,,
994,2011,PT,cocaine,,,
995,2012,PT,amphetamine,,,
996,2012,PT,methamphetamine,,,
997,2012,PT,MDMA,,,
998,2012,PT,cannabis,,,
999,2012,PT,cocaine,,,
1000,2013,PT,amphetamine,0.0,0.0,0.0
1001,2013,PT,methamphetamine,0.0,0.0,0.0
1002,2013,PT,MDMA,4.85,3.45,6.24
1003,2013,PT,cannabis,,,
1004,2013,PT,cocaine,106.82,100.73,112.92
1005,2014,PT,amphetamine,1.06,1.84,0.48
1006,2014,PT,methamphetamine,0.65,0.87,0.48
1007,2014,PT,MDMA,0.0,0.0,0.0
1008,2014,PT,cannabis,,,
1009,2014,PT,cocaine,54.49,45.22,61.44
1010,2015,PT,amphetamine,5.12,3.35,6.4399999999999995
1011,2015,PT,methamphetamine,0.41,0.48,0.37
1012,2015,PT,MDMA,39.230000000000004,17.04,55.88
1013,2015,PT,cannabis,,,
1014,2015,PT,cocaine,420.34,386.84000000000003,445.47
1015,2016,PT,amphetamine,3.33,4.31,2.59
1016,2016,PT,methamphetamine,1.28,1.3900000000000001,1.19
1017,2016,PT,MDMA,40.49,26.18,51.22
1018,2016,PT,cannabis,,,
1019,2016,PT,cocaine,416.82,368.46000000000004,453.08
1020,2017,PT,amphetamine,4.35,5.67,3.6999999999999997
1021,2017,PT,methamphetamine,1.3199999999999998,0.97,1.5899999999999999
1022,2017,PT,MDMA,58.46,30.39,73.85
1023,2017,PT,cannabis,,,
1024,2017,PT,cocaine,514.21,505.78999999999996,520.25
1025,2018,PT,amphetamine,9.02,6.49,10.94
1026,2018,PT,methamphetamine,3.3000000000000003,1.6300000000000001,4.540000000000001
1027,2018,PT,MDMA,80.97,45.34,107.69
1028,2018,PT,cannabis,239.63,225.05,250.56
1029,2018,PT,cocaine,810.8,661.73,922.62
1030,2019,PT,amphetamine,6.65,5.89,7.220000000000001
1031,2019,PT,methamphetamine,0.0,0.0,0.0
1032,2019,PT,MDMA,74.66,38.230000000000004,102.0
1033,2019,PT,cannabis,202.17,215.29,192.34
1034,2019,PT,cocaine,880.23,771.6200000000001,961.7
1035,2020,PT,amphetamine,5.68,3.96,6.97
1036,2020,PT,methamphetamine,3.76,4.19,3.44
1037,2020,PT,MDMA,83.25,59.92,100.77000000000001
1038,2020,PT,cannabis,261.52,282.36,245.89000000000001
1039,2020,PT,cocaine,928.7900000000001,946.6600000000001,915.3899999999999
1040,2021,PT,amphetamine,5.66,5.26,5.95
1041,2021,PT,methamphetamine,8.95,6.93,10.45
1042,2021,PT,MDMA,77.10999999999999,47.42,99.36999999999999
1043,2021,PT,cannabis,258.67,264.1,254.61
1044,2021,PT,cocaine,1142.79,955.5600000000001,1283.21
1045,2011,SE,amphetamine,13.82,16.57,11.76
1046,2011,SE,methamphetamine,2.93,3.45,2.55
1047,2011,SE,MDMA,0.0,0.0,0.0
1048,2011,SE,cannabis,0.0,0.0,0.0
1049,2011,SE,cocaine,2.63,1.98,3.12
1050,2012,SE,amphetamine,87.14,78.43,93.67
1051,2012,SE,methamphetamine,50.98,45.379999999999995,55.18
1052,2012,SE,MDMA,0.0,0.0,0.0
1053,2012,SE,cannabis,0.0,0.0,0.0
1054,2012,SE,cocaine,25.3,17.63,31.04
1055,2013,SE,amphetamine,245.32000000000002,244.82000000000002,245.7
1056,2013,SE,methamphetamine,0.0,0.0,0.0
1057,2013,SE,MDMA,10.36,9.21,11.219999999999999
1058,2013,SE,cannabis,0.0,0.0,0.0
1059,2013,SE,cocaine,35.65,28.91,40.7
1060,2014,SE,amphetamine,,,
1061,2014,SE,methamphetamine,,,
1062,2014,SE,MDMA,,,
1063,2014,SE,cannabis,,,
1064,2014,SE,cocaine,,,
1065,2015,SE,amphetamine,,,
1066,2015,SE,methamphetamine,,,
1067,2015,SE,MDMA,,,
1068,2015,SE,cannabis,,,
1069,2015,SE,cocaine,,,
1070,2016,SE,amphetamine,208.84,201.16,214.61
1071,2016,SE,methamphetamine,24.47,24.1,24.75
1072,2016,SE,MDMA,37.75,22.29,49.35
1073,2016,SE,cannabis,,,
1074,2016,SE,cocaine,144.14,106.53,172.35
1075,2017,SE,amphetamine,,,
1076,2017,SE,methamphetamine,,,
1077,2017,SE,MDMA,,,
1078,2017,SE,cannabis,,,
1079,2017,SE,cocaine,,,
1080,2018,SE,amphetamine,,,
1081,2018,SE,methamphetamine,,,
1082,2018,SE,MDMA,,,
1083,2018,SE,cannabis,,,
1084,2018,SE,cocaine,,,
1085,2019,SE,amphetamine,1004.09,940.1400000000001,1052.05
1086,2019,SE,methamphetamine,17.43,18.09,16.92
1087,2019,SE,MDMA,61.22,49.43,70.06
1088,2019,SE,cannabis,161.73,182.77,145.95
1089,2019,SE,cocaine,359.03,299.1,403.96
1090,2020,SE,amphetamine,2258.97,2339.71,2198.39
1091,2020,SE,methamphetamine,23.55,24.23,23.020000000000003
1092,2020,SE,MDMA,125.48,100.56,144.18
1093,2020,SE,cannabis,128.53,117.7,136.66
1094,2020,SE,cocaine,660.2,446.28000000000003,820.64
1095,2021,SE,amphetamine,1348.96,1366.5,1335.8
1096,2021,SE,methamphetamine,18.13,14.33,20.98
1097,2021,SE,MDMA,75.36,83.80999999999999,69.02
1098,2021,SE,cannabis,127.18,128.49,126.2
1099,2021,SE,cocaine,559.1800000000001,358.53999999999996,709.68
1100,2011,SI,amphetamine,,,
1101,2011,SI,methamphetamine,,,
1102,2011,SI,MDMA,,,
1103,2011,SI,cannabis,,,
1104,2011,SI,cocaine,,,
1105,2012,SI,amphetamine,,,
1106,2012,SI,methamphetamine,,,
1107,2012,SI,MDMA,,,
1108,2012,SI,cannabis,,,
1109,2012,SI,cocaine,,,
1110,2013,SI,amphetamine,,,
1111,2013,SI,methamphetamine,,,
1112,2013,SI,MDMA,,,
1113,2013,SI,cannabis,,,
1114,2013,SI,cocaine,,,
1115,2014,SI,amphetamine,,,
1116,2014,SI,methamphetamine,,,
1117,2014,SI,MDMA,,,
1118,2014,SI,cannabis,,,
1119,2014,SI,cocaine,,,
1120,2015,SI,amphetamine,,,
1121,2015,SI,methamphetamine,,,
1122,2015,SI,MDMA,,,
1123,2015,SI,cannabis,,,
1124,2015,SI,cocaine,,,
1125,2016,SI,amphetamine,,,
1126,2016,SI,methamphetamine,,,
1127,2016,SI,MDMA,,,
1128,2016,SI,cannabis,,,
1129,2016,SI,cocaine,,,
1130,2017,SI,amphetamine,35.24,38.22,33.0
1131,2017,SI,methamphetamine,0.0,0.0,0.0
1132,2017,SI,MDMA,35.59,18.93,48.08
1133,2017,SI,cannabis,,,
1134,2017,SI,cocaine,449.76,448.69,450.55
1135,2018,SI,amphetamine,34.27,34.4,34.64
1136,2018,SI,methamphetamine,2.3,2.72,1.89
1137,2018,SI,MDMA,49.88,22.14,75.57
1138,2018,SI,cannabis,61.17,56.709999999999994,65.0
1139,2018,SI,cocaine,556.7,444.49,648.35
1140,2019,SI,amphetamine,147.1,139.75,152.62
1141,2019,SI,methamphetamine,18.199999999999996,19.79,17.02
1142,2019,SI,MDMA,83.67999999999999,51.4,107.87999999999998
1143,2019,SI,cannabis,479.38999999999993,492.61,469.49
1144,2019,SI,cocaine,1924.12,1608.46,2160.86
1145,2020,SI,amphetamine,116.95,105.6,125.49
1146,2020,SI,methamphetamine,3.2299999999999995,3.7199999999999998,2.8899999999999997
1147,2020,SI,MDMA,131.14,245.41,45.62
1148,2020,SI,cannabis,,,
1149,2020,SI,cocaine,1213.67,1121.15,1283.9299999999998
1150,2021,SI,amphetamine,127.16,121.97,130.32
1151,2021,SI,methamphetamine,8.23,8.01,8.16
1152,2021,SI,MDMA,39.900000000000006,25.62,49.71
1153,2021,SI,cannabis,584.4100000000001,568.25,596.29
1154,2021,SI,cocaine,1614.9199999999998,1350.58,1805.83
1155,2011,SK,amphetamine,,,
1156,2011,SK,methamphetamine,,,
1157,2011,SK,MDMA,,,
1158,2011,SK,cannabis,,,
1159,2011,SK,cocaine,,,
1160,2012,SK,amphetamine,,,
1161,2012,SK,methamphetamine,,,
1162,2012,SK,MDMA,,,
1163,2012,SK,cannabis,,,
1164,2012,SK,cocaine,,,
1165,2013,SK,amphetamine,13.99,15.13,13.13
1166,2013,SK,methamphetamine,123.8,133.08,116.84
1167,2013,SK,MDMA,0.0,0.0,0.0
1168,2013,SK,cannabis,20.92,21.65,20.37
1169,2013,SK,cocaine,3.23,2.81,3.55
1170,2014,SK,amphetamine,,,
1171,2014,SK,methamphetamine,,,
1172,2014,SK,MDMA,,,
1173,2014,SK,cannabis,,,
1174,2014,SK,cocaine,,,
1175,2015,SK,amphetamine,23.34,15.1,29.52
1176,2015,SK,methamphetamine,131.86,85.22,166.84
1177,2015,SK,MDMA,0.0,0.0,0.0
1178,2015,SK,cannabis,,,
1179,2015,SK,cocaine,6.15,3.87,7.87
1180,2016,SK,amphetamine,30.89,27.76,33.24
1181,2016,SK,methamphetamine,310.21,272.67,338.37
1182,2016,SK,MDMA,10.16,6.51,12.9
1183,2016,SK,cannabis,,,
1184,2016,SK,cocaine,20.03,17.04,22.28
1185,2017,SK,amphetamine,11.45,6.07,15.469999999999999
1186,2017,SK,methamphetamine,198.03,149.66,234.31
1187,2017,SK,MDMA,12.39,5.96,17.22
1188,2017,SK,cannabis,,,
1189,2017,SK,cocaine,95.57,79.56,107.58999999999999
1190,2018,SK,amphetamine,44.5,42.53,46.0
1191,2018,SK,methamphetamine,225.92000000000002,208.09,239.29
1192,2018,SK,MDMA,16.18,8.77,21.740000000000002
1193,2018,SK,cannabis,59.800000000000004,63.120000000000005,57.300000000000004
1194,2018,SK,cocaine,129.09,91.68,157.14
1195,2019,SK,amphetamine,,,
1196,2019,SK,methamphetamine,,,
1197,2019,SK,MDMA,,,
1198,2019,SK,cannabis,61.37,65.06,58.620000000000005
1199,2019,SK,cocaine,103.13,92.52000000000001,111.08
1200,2020,SK,amphetamine,,,
1201,2020,SK,methamphetamine,,,
1202,2020,SK,MDMA,,,
1203,2020,SK,cannabis,,,
1204,2020,SK,cocaine,,,
1205,2021,SK,amphetamine,11.45,15.9,8.11
1206,2021,SK,methamphetamine,338.5,409.9,284.95
1207,2021,SK,MDMA,6.39,6.11,6.59
1208,2021,SK,cannabis,41.760000000000005,47.59,37.38
1209,2021,SK,cocaine,88.09,95.21,82.74
1210,2011,TR,amphetamine,,,
1211,2011,TR,methamphetamine,,,
1212,2011,TR,MDMA,,,
1213,2011,TR,cannabis,,,
1214,2011,TR,cocaine,,,
1215,2012,TR,amphetamine,,,
1216,2012,TR,methamphetamine,,,
1217,2012,TR,MDMA,,,
1218,2012,TR,cannabis,,,
1219,2012,TR,cocaine,,,
1220,2013,TR,amphetamine,,,
1221,2013,TR,methamphetamine,,,
1222,2013,TR,MDMA,,,
1223,2013,TR,cannabis,,,
1224,2013,TR,cocaine,,,
1225,2014,TR,amphetamine,,,
1226,2014,TR,methamphetamine,,,
1227,2014,TR,MDMA,,,
1228,2014,TR,cannabis,,,
1229,2014,TR,cocaine,,,
1230,2015,TR,amphetamine,,,
1231,2015,TR,methamphetamine,,,
1232,2015,TR,MDMA,,,
1233,2015,TR,cannabis,,,
1234,2015,TR,cocaine,,,
1235,2016,TR,amphetamine,,,
1236,2016,TR,methamphetamine,,,
1237,2016,TR,MDMA,,,
1238,2016,TR,cannabis,,,
1239,2016,TR,cocaine,,,
1240,2017,TR,amphetamine,,,
1241,2017,TR,methamphetamine,,,
1242,2017,TR,MDMA,,,
1243,2017,TR,cannabis,,,
1244,2017,TR,cocaine,,,
1245,2018,TR,amphetamine,4.29,3.9,4.59
1246,2018,TR,methamphetamine,19.98,8.44,28.63
1247,2018,TR,MDMA,,,
1248,2018,TR,cannabis,,,
1249,2018,TR,cocaine,,,
1250,2019,TR,amphetamine,4.0,4.12,3.91
1251,2019,TR,methamphetamine,16.2,18.45,14.51
1252,2019,TR,MDMA,47.6,45.24,49.37
1253,2019,TR,cannabis,25.15,28.12,22.93
1254,2019,TR,cocaine,39.33,37.59,40.64
1255,2020,TR,amphetamine,,,
1256,2020,TR,methamphetamine,28.83,32.33,26.2
1257,2020,TR,MDMA,57.26,53.22,60.3
1258,2020,TR,cannabis,51.7,53.25,50.54
1259,2020,TR,cocaine,59.33,57.78,60.480000000000004
1260,2021,TR,amphetamine,12.21,12.56,11.95
1261,2021,TR,methamphetamine,91.16,91.69,90.75999999999999
1262,2021,TR,MDMA,13.68,10.99,15.69
1263,2021,TR,cannabis,61.58,57.959999999999994,64.28999999999999
1264,2021,TR,cocaine,59.59,61.0,58.53
1265,2011,EE,amphetamine,,,
1266,2011,EE,methamphetamine,,,
1267,2011,EE,MDMA,,,
1268,2011,EE,cannabis,,,
1269,2011,EE,cocaine,,,
1270,2012,EE,amphetamine,,,
1271,2012,EE,methamphetamine,,,
1272,2012,EE,MDMA,,,
1273,2012,EE,cannabis,,,
1274,2012,EE,cocaine,,,
1275,2013,EE,amphetamine,,,
1276,2013,EE,methamphetamine,,,
1277,2013,EE,MDMA,,,
1278,2013,EE,cannabis,,,
1279,2013,EE,cocaine,,,
1280,2014,EE,amphetamine,,,
1281,2014,EE,methamphetamine,,,
1282,2014,EE,MDMA,,,
1283,2014,EE,cannabis,,,
1284,2014,EE,cocaine,,,
1285,2015,EE,amphetamine,,,
1286,2015,EE,methamphetamine,,,
1287,2015,EE,MDMA,,,
1288,2015,EE,cannabis,,,
1289,2015,EE,cocaine,,,
1290,2016,EE,amphetamine,,,
1291,2016,EE,methamphetamine,,,
1292,2016,EE,MDMA,,,
1293,2016,EE,cannabis,,,
1294,2016,EE,cocaine,,,
1295,2017,EE,amphetamine,,,
1296,2017,EE,methamphetamine,,,
1297,2017,EE,MDMA,,,
1298,2017,EE,cannabis,,,
1299,2017,EE,cocaine,,,
1300,2018,EE,amphetamine,,,
1301,2018,EE,methamphetamine,,,
1302,2018,EE,MDMA,,,
1303,2018,EE,cannabis,,,
1304,2018,EE,cocaine,,,
1305,2019,EE,amphetamine,,,
1306,2019,EE,methamphetamine,,,
1307,2019,EE,MDMA,,,
1308,2019,EE,cannabis,,,
1309,2019,EE,cocaine,,,
1310,2020,EE,amphetamine,,,
1311,2020,EE,methamphetamine,,,
1312,2020,EE,MDMA,,,
1313,2020,EE,cannabis,,,
1314,2020,EE,cocaine,,,
1315,2021,EE,amphetamine,,,
1316,2021,EE,methamphetamine,,,
1317,2021,EE,MDMA,,,
1318,2021,EE,cannabis,25.73,25.6,25.8
1319,2021,EE,cocaine,102.99000000000001,56.83,129.35000000000002
1320,2011,DE,amphetamine,,,
1321,2011,DE,methamphetamine,,,
1322,2011,DE,MDMA,,,
1323,2011,DE,cannabis,,,
1324,2011,DE,cocaine,,,
1325,2012,DE,amphetamine,,,
1326,2012,DE,methamphetamine,,,
1327,2012,DE,MDMA,,,
1328,2012,DE,cannabis,,,
1329,2012,DE,cocaine,,,
1330,2013,DE,amphetamine,155.07,141.60000000000002,165.18
1331,2013,DE,methamphetamine,136.61,141.03,133.3
1332,2013,DE,MDMA,18.0,7.39,25.970000000000002
1333,2013,DE,cannabis,174.25,170.95,176.72
1334,2013,DE,cocaine,378.57,324.19,419.37
1335,2014,DE,amphetamine,364.96999999999997,345.36,379.67
1336,2014,DE,methamphetamine,142.93,147.5,139.5
1337,2014,DE,MDMA,72.14999999999999,56.620000000000005,83.81
1338,2014,DE,cannabis,,,
1339,2014,DE,cocaine,554.63,528.29,574.38
1340,2015,DE,amphetamine,365.03,331.02000000000004,385.76
1341,2015,DE,methamphetamine,166.38,161.38,170.02
1342,2015,DE,MDMA,74.17999999999999,75.02000000000001,72.88000000000001
1343,2015,DE,cannabis,,,
1344,2015,DE,cocaine,506.71999999999997,468.75,532.9399999999999
1345,2016,DE,amphetamine,376.16,339.71,403.49999999999994
1346,2016,DE,methamphetamine,168.75,157.34000000000003,177.32
1347,2016,DE,MDMA,74.61,48.63,94.09
1348,2016,DE,cannabis,,,
1349,2016,DE,cocaine,636.3,605.5300000000001,659.37
1350,2017,DE,amphetamine,1548.3700000000001,1462.74,1613.34
1351,2017,DE,methamphetamine,859.2600000000001,839.8000000000002,873.9300000000002
1352,2017,DE,MDMA,335.11,240.04999999999998,409.46
1353,2017,DE,cannabis,,,
1354,2017,DE,cocaine,3013.4000000000005,2605.87,3328.2000000000003
1355,2018,DE,amphetamine,896.52,833.0699999999999,944.1099999999999
1356,2018,DE,methamphetamine,610.7199999999999,573.65,638.54
1357,2018,DE,MDMA,200.05999999999997,154.39000000000001,234.29000000000002
1358,2018,DE,cannabis,,,
1359,2018,DE,cocaine,1301.58,1084.4699999999998,1464.43
1360,2019,DE,amphetamine,818.81,768.58,856.51
1361,2019,DE,methamphetamine,706.8299999999999,654.77,745.87
1362,2019,DE,MDMA,82.77000000000001,40.82,114.22
1363,2019,DE,cannabis,,,
1364,2019,DE,cocaine,1005.63,801.19,1158.95
1365,2020,DE,amphetamine,890.0999999999999,891.5100000000001,894.2299999999999
1366,2020,DE,methamphetamine,1248.87,1223.6799999999998,1265.96
1367,2020,DE,MDMA,149.26999999999998,133.51000000000002,170.63000000000002
1368,2020,DE,cannabis,,,
1369,2020,DE,cocaine,1617.37,1464.0700000000002,1792.84
1370,2021,DE,amphetamine,,,
1371,2021,DE,methamphetamine,432.0,457.98,420.86
1372,2021,DE,MDMA,142.73,133.35999999999999,151.21
1373,2021,DE,cannabis,,,
1374,2021,DE,cocaine,1554.9700000000003,1387.71,1644.6299999999999
1375,2011,IS,amphetamine,,,
1376,2011,IS,methamphetamine,,,
1377,2011,IS,MDMA,,,
1378,2011,IS,cannabis,,,
1379,2011,IS,cocaine,,,
1380,2012,IS,amphetamine,,,
1381,2012,IS,methamphetamine,,,
1382,2012,IS,MDMA,,,
1383,2012,IS,cannabis,,,
1384,2012,IS,cocaine,,,
1385,2013,IS,amphetamine,,,
1386,2013,IS,methamphetamine,,,
1387,2013,IS,MDMA,,,
1388,2013,IS,cannabis,,,
1389,2013,IS,cocaine,,,
1390,2014,IS,amphetamine,,,
1391,2014,IS,methamphetamine,,,
1392,2014,IS,MDMA,,,
1393,2014,IS,cannabis,,,
1394,2014,IS,cocaine,,,
1395,2015,IS,amphetamine,70.38,68.97,71.43
1396,2015,IS,methamphetamine,15.68,15.31,15.95
1397,2015,IS,MDMA,,,
1398,2015,IS,cannabis,,,
1399,2015,IS,cocaine,57.84,56.81,58.62
1400,2016,IS,amphetamine,113.14,100.54,122.59
1401,2016,IS,methamphetamine,9.27,7.21,10.81
1402,2016,IS,MDMA,37.63,23.97,47.87
1403,2016,IS,cannabis,,,
1404,2016,IS,cocaine,100.61,75.6,119.37
1405,2017,IS,amphetamine,169.91,156.45,180.01
1406,2017,IS,methamphetamine,,,
1407,2017,IS,MDMA,36.52,20.41,48.6
1408,2017,IS,cannabis,,,
1409,2017,IS,cocaine,437.32,347.67,504.56
1410,2018,IS,amphetamine,209.79,191.2,223.73
1411,2018,IS,methamphetamine,31.13,31.26,31.03
1412,2018,IS,MDMA,40.19,31.63,46.62
1413,2018,IS,cannabis,97.31,116.96,82.57
1414,2018,IS,cocaine,478.5,408.81,530.77
1415,2019,IS,amphetamine,320.91,292.88,341.93
1416,2019,IS,methamphetamine,29.58,33.65,26.53
1417,2019,IS,MDMA,37.07,24.78,46.3
1418,2019,IS,cannabis,86.15,87.68,84.99
1419,2019,IS,cocaine,740.68,657.61,802.98
1420,2020,IS,amphetamine,,,
1421,2020,IS,methamphetamine,35.78,34.53,36.72
1422,2020,IS,MDMA,44.14,31.89,53.32
1423,2020,IS,cannabis,116.35,106.8,123.51
1424,2020,IS,cocaine,283.25,231.54,322.03
1425,2021,IS,amphetamine,,,
1426,2021,IS,methamphetamine,,,
1427,2021,IS,MDMA,,,
1428,2021,IS,cannabis,,,
1429,2021,IS,cocaine,,,
1430,2011,RS,amphetamine,,,
1431,2011,RS,methamphetamine,,,
1432,2011,RS,MDMA,,,
1433,2011,RS,cannabis,,,
1434,2011,RS,cocaine,,,
1435,2012,RS,amphetamine,,,
1436,2012,RS,methamphetamine,,,
1437,2012,RS,MDMA,,,
1438,2012,RS,cannabis,,,
1439,2012,RS,cocaine,,,
1440,2013,RS,amphetamine,42.370000000000005,52.650000000000006,36.08
1441,2013,RS,methamphetamine,0.0,0.0,0.0
1442,2013,RS,MDMA,21.9,15.940000000000001,28.790000000000003
1443,2013,RS,cannabis,202.8,252.85999999999999,178.95000000000002
1444,2013,RS,cocaine,56.47,48.46,63.769999999999996
1445,2014,RS,amphetamine,,,
1446,2014,RS,methamphetamine,,,
1447,2014,RS,MDMA,,,
1448,2014,RS,cannabis,,,
1449,2014,RS,cocaine,,,
1450,2015,RS,amphetamine,,,
1451,2015,RS,methamphetamine,,,
1452,2015,RS,MDMA,,,
1453,2015,RS,cannabis,,,
1454,2015,RS,cocaine,,,
1455,2016,RS,amphetamine,,,
1456,2016,RS,methamphetamine,,,
1457,2016,RS,MDMA,,,
1458,2016,RS,cannabis,,,
1459,2016,RS,cocaine,,,
1460,2017,RS,amphetamine,,,
1461,2017,RS,methamphetamine,,,
1462,2017,RS,MDMA,,,
1463,2017,RS,cannabis,,,
1464,2017,RS,cocaine,,,
1465,2018,RS,amphetamine,,,
1466,2018,RS,methamphetamine,,,
1467,2018,RS,MDMA,,,
1468,2018,RS,cannabis,,,
1469,2018,RS,cocaine,,,
1470,2019,RS,amphetamine,,,
1471,2019,RS,methamphetamine,,,
1472,2019,RS,MDMA,,,
1473,2019,RS,cannabis,,,
1474,2019,RS,cocaine,,,
1475,2020,RS,amphetamine,,,
1476,2020,RS,methamphetamine,0.0,0.0,0.0
1477,2020,RS,MDMA,19.61,9.77,27.0
1478,2020,RS,cannabis,,,
1479,2020,RS,cocaine,125.95,134.55,119.5
1480,2021,RS,amphetamine,,,
1481,2021,RS,methamphetamine,,,
1482,2021,RS,MDMA,,,
1483,2021,RS,cannabis,,,
1484,2021,RS,cocaine,,,
1485,2011,MT,amphetamine,,,
1486,2011,MT,methamphetamine,,,
1487,2011,MT,MDMA,,,
1488,2011,MT,cannabis,,,
1489,2011,MT,cocaine,,,
1490,2012,MT,amphetamine,,,
1491,2012,MT,methamphetamine,,,
1492,2012,MT,MDMA,,,
1493,2012,MT,cannabis,,,
1494,2012,MT,cocaine,,,
1495,2013,MT,amphetamine,,,
1496,2013,MT,methamphetamine,,,
1497,2013,MT,MDMA,,,
1498,2013,MT,cannabis,,,
1499,2013,MT,cocaine,,,
1500,2014,MT,amphetamine,,,
1501,2014,MT,methamphetamine,,,
1502,2014,MT,MDMA,,,
1503,2014,MT,cannabis,,,
1504,2014,MT,cocaine,,,
1505,2015,MT,amphetamine,,,
1506,2015,MT,methamphetamine,0.19,0.35,0.08
1507,2015,MT,MDMA,,,
1508,2015,MT,cannabis,,,
1509,2015,MT,cocaine,68.45,61.5,73.66
1510,2016,MT,amphetamine,,,
1511,2016,MT,methamphetamine,,,
1512,2016,MT,MDMA,,,
1513,2016,MT,cannabis,,,
1514,2016,MT,cocaine,,,
1515,2017,MT,amphetamine,,,
1516,2017,MT,methamphetamine,,,
1517,2017,MT,MDMA,,,
1518,2017,MT,cannabis,,,
1519,2017,MT,cocaine,,,
1520,2018,MT,amphetamine,,,
1521,2018,MT,methamphetamine,,,
1522,2018,MT,MDMA,,,
1523,2018,MT,cannabis,,,
1524,2018,MT,cocaine,,,
1525,2019,MT,amphetamine,,,
1526,2019,MT,methamphetamine,,,
1527,2019,MT,MDMA,,,
1528,2019,MT,cannabis,,,
1529,2019,MT,cocaine,,,
1530,2020,MT,amphetamine,,,
1531,2020,MT,methamphetamine,,,
1532,2020,MT,MDMA,,,
1533,2020,MT,cannabis,,,
1534,2020,MT,cocaine,,,
1535,2021,MT,amphetamine,,,
1536,2021,MT,methamphetamine,,,
1537,2021,MT,MDMA,,,
1538,2021,MT,cannabis,,,
1539,2021,MT,cocaine,,,
1540,2011,BA,amphetamine,,,
1541,2011,BA,methamphetamine,,,
1542,2011,BA,MDMA,,,
1543,2011,BA,cannabis,,,
1544,2011,BA,cocaine,,,
1545,2012,BA,amphetamine,,,
1546,2012,BA,methamphetamine,,,
1547,2012,BA,MDMA,,,
1548,2012,BA,cannabis,,,
1549,2012,BA,cocaine,,,
1550,2013,BA,amphetamine,,,
1551,2013,BA,methamphetamine,0.0,0.0,0.0
1552,2013,BA,MDMA,0.0,0.0,0.0
1553,2013,BA,cannabis,39.77,41.73,38.31
1554,2013,BA,cocaine,30.58,27.1,33.19
1555,2014,BA,amphetamine,,,
1556,2014,BA,methamphetamine,,,
1557,2014,BA,MDMA,,,
1558,2014,BA,cannabis,,,
1559,2014,BA,cocaine,,,
1560,2015,BA,amphetamine,,,
1561,2015,BA,methamphetamine,,,
1562,2015,BA,MDMA,,,
1563,2015,BA,cannabis,,,
1564,2015,BA,cocaine,,,
1565,2016,BA,amphetamine,,,
1566,2016,BA,methamphetamine,,,
1567,2016,BA,MDMA,,,
1568,2016,BA,cannabis,,,
1569,2016,BA,cocaine,,,
1570,2017,BA,amphetamine,,,
1571,2017,BA,methamphetamine,,,
1572,2017,BA,MDMA,,,
1573,2017,BA,cannabis,,,
1574,2017,BA,cocaine,,,
1575,2018,BA,amphetamine,,,
1576,2018,BA,methamphetamine,,,
1577,2018,BA,MDMA,,,
1578,2018,BA,cannabis,,,
1579,2018,BA,cocaine,,,
1580,2019,BA,amphetamine,,,
1581,2019,BA,methamphetamine,,,
1582,2019,BA,MDMA,,,
1583,2019,BA,cannabis,,,
1584,2019,BA,cocaine,,,
1585,2020,BA,amphetamine,,,
1586,2020,BA,methamphetamine,,,
1587,2020,BA,MDMA,,,
1588,2020,BA,cannabis,,,
1589,2020,BA,cocaine,,,
1590,2021,BA,amphetamine,,,
1591,2021,BA,methamphetamine,,,
1592,2021,BA,MDMA,,,
1593,2021,BA,cannabis,,,
1594,2021,BA,cocaine,,,
1595,2011,RO,amphetamine,,,
1596,2011,RO,methamphetamine,,,
1597,2011,RO,MDMA,,,
1598,2011,RO,cannabis,,,
1599,2011,RO,cocaine,,,
1600,2012,RO,amphetamine,,,
1601,2012,RO,methamphetamine,,,
1602,2012,RO,MDMA,,,
1603,2012,RO,cannabis,,,
1604,2012,RO,cocaine,,,
1605,2013,RO,amphetamine,,,
1606,2013,RO,methamphetamine,0.0,0.0,0.0
1607,2013,RO,MDMA,0.0,0.0,0.0
1608,2013,RO,cannabis,0.0,0.0,0.0
1609,2013,RO,cocaine,0.0,0.0,0.0
1610,2014,RO,amphetamine,,,
1611,2014,RO,methamphetamine,,,
1612,2014,RO,MDMA,,,
1613,2014,RO,cannabis,,,
1614,2014,RO,cocaine,,,
1615,2015,RO,amphetamine,,,
1616,2015,RO,methamphetamine,,,
1617,2015,RO,MDMA,,,
1618,2015,RO,cannabis,,,
1619,2015,RO,cocaine,,,
1620,2016,RO,amphetamine,,,
1621,2016,RO,methamphetamine,,,
1622,2016,RO,MDMA,,,
1623,2016,RO,cannabis,,,
1624,2016,RO,cocaine,,,
1625,2017,RO,amphetamine,,,
1626,2017,RO,methamphetamine,,,
1627,2017,RO,MDMA,,,
1628,2017,RO,cannabis,,,
1629,2017,RO,cocaine,,,
1630,2018,RO,amphetamine,,,
1631,2018,RO,methamphetamine,,,
1632,2018,RO,MDMA,,,
1633,2018,RO,cannabis,,,
1634,2018,RO,cocaine,,,
1635,2019,RO,amphetamine,,,
1636,2019,RO,methamphetamine,,,
1637,2019,RO,MDMA,,,
1638,2019,RO,cannabis,,,
1639,2019,RO,cocaine,,,
1640,2020,RO,amphetamine,,,
1641,2020,RO,methamphetamine,,,
1642,2020,RO,MDMA,,,
1643,2020,RO,cannabis,,,
1644,2020,RO,cocaine,,,
1645,2021,RO,amphetamine,,,
1646,2021,RO,methamphetamine,,,
1647,2021,RO,MDMA,,,
1648,2021,RO,cannabis,,,
1649,2021,RO,cocaine,,,
